{"cameraMode":{"drawMode":0,"name":"Shaded","section":"Shading Mode"},"sceneLighting":true,"audioPlay":false,"sceneViewState":{"showFog":false,"showMaterialUpdate":false,"showSkybox":true,"showFlares":false,"showImageEffects":true,"showParticleSystems":true},"in2DMode":false,"pivot":{"x":-0.8313038349151611,"y":1.4735527038574219,"z":0.24041882157325746},"rotation":{"x":0.014958435669541359,"y":-0.6823402643203735,"z":0.022243626415729524,"w":0.7305431365966797},"size":2.2984375953674318,"orthographic":false}